my_table_Name,my_table_salary
Aurora,240.00
Mateo,150.00
Joseph,130.00
Logan,130.00
Wyatt,200.00
Anthony,210.00
John,250.00
Lillian,145.00
Emma,110.00
Riley,300.00
Andrew,175.00
Elijah,150.00
Jayden,150.00
Dylan,145.00
Liam,135.00
Zoey,220.00
Chloe,200.00
Jackson,190.00
Eliana,90.00
Amelia,160.00
Grace,180.00
Olivia,250.00
Layla,90.00
Ella,210.00
Lucas,210.00
Emily,90.00
Xavier,180.00
Savannah,110.00
William,70.00
Adeline,210.00
Charlotte,300.00
Luna,135.00
Aubrey,130.00
Ava,90.00
Camila,250.00
Michael,135.00
Audrey,135.00
Hannah,100.00
Penelope,110.00
Carter,100.00
Lily,160.00
Isaac,90.00
Levi,110.00
Avery,175.00
Noah,180.00
Natalie,250.00
Samuel,100.00
Nicholas,145.00
Harper,145.00
Sophia,220.00
Aria,180.00
Julian,120.00
Mila,85.00
Joshua,240.00
Nevaeh,175.00
James,120.00
Sofia,135.00
Scarlett,240.00
Luke,100.00
Alexander,175.00
Evelyn,100.00
Madison,175.00
Abigail,110.00
Elizabeth,240.00
Ethan,150.00
Sebastian,135.00
Grayson,250.00
Jack,110.00
David,145.00
Matthew,200.00
Isabella,85.00
Christopher,200.00
Oliver,200.00
Henry,240.00
Benjamin,190.00
Gabriel,70.00
Mia,130.00
Daniel,180.00
Paisley,95
Alexander,36
Brooklyn,82
Noah,42
Charlotte,11
Ellie,7
Mason,10
Jackson,40
Daniel,64
William,28
James,12
Scarlett,81
Camila,8
Michael,54
Benjamin,29
Elijah,37
William,74
Zoey,80
Amelia,17
Madison,60
Logan,22
Alexander,1
Sofia,77
Oliver,66
Ethan,47
Benjamin,3
Sophie,63
Henry,49
Aiden,2
Avery,69
Noah,16
Lucy,21
Sebastian,4
Ava,9
Daniel,25
Olivia,5
Hannah,57
Jacob,26
Mia,13
Evelyn,94
Harper,50
Hailey,86
Ella,71
Samuel,70
Grace,67
Jayden,48
Avery,85
Liam,23
James,46
Carter,52
Aria,58
Lily,93
Ethan,35
Lucas,75
Aubrey,97
Elijah,56
Alexander,20
Chloe,99
Abigail,72
Mia,91
Lucas,39
Elizabeth,19
Matthew,55
Christopher,65
Harper,*
Evelyn,88
Jack,83
Mila,90
Ethan,24
Addison,32
Emily,6
Michael,31
Daniel,18
Sophia,33
Layla,89
Emma,78
Addison,62
Isabella,14
